DATE,CPI_diff,IIP_diff,IR_diff,MS_diff,STI_diff,NT_diff,FOREX
1994-04-01,39.8850738203333,41.2278769085946,-9.0,1092.452818430176,10.5757657966794,-11.523004575108851,31.3914
1994-05-01,39.6785151677022,41.11334670998269,-8.76,1093.829255943233,10.9844319638664,-12.429584358982174,31.3754
1994-06-01,39.4748876348114,40.855404515993406,-8.5,1094.4453727592347,9.7601027971253,-12.867326688659142,31.3845
1994-07-01,39.31198560851389,40.6963897503346,-8.5,1098.655610160495,9.6752311149612,-13.95242954342467,31.3764
1994-08-01,39.3163822882008,40.981120257616304,-8.24,1098.9510800550647,9.2495212232375,-12.811915112635472,31.3727
1994-09-01,39.1534802619034,41.0745764232733,-8.0,1098.7561616635785,9.0205584499883,-13.405544437497136,31.3723
1994-10-01,39.112754755348206,41.1343167327735,-8.0,1095.4905153684062,9.369320205458,-13.334152324419517,31.3726
1994-11-01,39.0313037421995,41.160974362673,-7.6,1095.189241737159,9.873461102836798,-14.573755263738873,31.394
1994-12-01,39.197136888275296,41.4661361163418,-7.25,1093.9524293992918,10.186350933636898,-12.039604452376375,31.3894
1995-01-01,39.450283287056806,41.0316563950646,-7.25,1094.8225253518765,11.762314270841202,-14.03873158698165,31.3736
1995-02-01,39.5375965397626,41.13794034716899,-6.75,1089.754099886216,13.2304178660432,-12.963742298555916,31.3795
1995-03-01,39.5827187260046,41.0363789004879,-6.75,1086.8204045023156,13.963774056887,-12.839772610196956,31.5865
1995-04-01,39.62784091224661,40.2762059526525,-6.75,1089.4998167604492,14.892146035810498,-14.769790501970872,31.4073
1995-05-01,39.3398312464286,40.86357209582541,-6.75,1084.812336254107,16.187945421674,-13.423096365940436,31.4179
1995-06-01,38.9689050075918,40.8235930235833,-6.75,1083.7556175141185,16.4755102524363,-14.073641094120942,31.4037
1995-07-01,38.3884889963454,39.760521360917394,-6.75,1084.116642957345,17.3384328796438,-13.916012720808938,31.3853
1995-08-01,38.3914201161238,40.6187720940684,-6.75,1082.8505043554044,17.2752557546217,-12.27892537617485,31.5923
1995-09-01,38.3521601694388,39.7121539527252,-6.75,1082.2505615111277,18.324791223067,-11.598085864021172,33.3098
1995-10-01,38.3972823556808,40.49606802293071,-6.75,1079.0573483836529,17.9788325932452,-11.538577105091692,34.6564
1995-11-01,38.1892581431413,39.8529577009625,-6.75,1076.4041102205977,19.8549296823967,-11.542234751206296,34.71
1995-12-01,38.47873336882951,39.55826399412481,-6.75,1069.741491572552,21.2861085109887,-11.798870882545458,34.9663
1996-01-01,39.02428611307761,38.765511925875806,-6.76,1066.6334221946845,21.71264209739689,-12.63176357648766,35.8117
1996-02-01,39.1523248723768,40.4623434646972,-7.0,1062.5221131400735,21.8613006108639,-11.61261464096638,36.5945
1996-03-01,39.2411036849525,38.892780249511205,-7.0,1061.6808999381913,22.174634243220403,-12.527733612738832,34.4852
1996-04-01,39.07966721856349,40.03300739950871,-7.0,1063.3011248022576,21.2554065891376,-12.71454520256836,34.3195
1996-05-01,38.874574125802496,40.19739189575961,-7.0,1056.3306768895516,21.497714150251703,-14.118066084563392,35.025
1996-06-01,38.5021823270573,41.18528322643209,-7.0,1054.3058977350015,21.2038159671636,-13.83210317988313,35.0995
1996-07-01,38.13125608825881,41.61475751048491,-7.0,1051.975084246982,20.808245180091298,-14.75922114808989,35.6673
1996-08-01,37.9261629954978,41.16425668851811,-7.0,1040.3927981788768,22.507174454183804,-14.425266119065586,35.8
1996-09-01,38.05420175475871,42.0736646395405,-7.0,1034.4572683056092,23.3543680536891,-15.565195289693234,35.87
1996-10-01,38.0993239410007,41.46832299540269,-7.0,1023.7807685951168,25.441517718058403,-13.395058835259588,35.8036
1996-11-01,37.977147421296806,43.2720823398676,-7.0,1020.767368402398,27.3705735573849,-13.460596297524482,35.8392
1996-12-01,37.8942308482398,42.731314856992704,-7.0,1018.289380026826,28.112750688424203,-16.203923887299098,35.8815
1997-01-01,38.105186180557695,43.1870908156113,-7.0,1017.1839253753524,27.501358472257003,-15.954885717922258,35.9037
1997-02-01,38.3161415128756,43.2990998579772,-7.0,1013.9593341932392,28.8280587300944,-14.204220486087776,35.8905
1997-03-01,38.4019892057112,43.183579662439904,-7.0,1007.181163424542,27.5142938656736,-12.65086247748114,35.8848
1997-04-01,38.23762161950541,43.2657029387679,-6.0,998.5194825597332,26.254309636898203,-13.194614253173937,35.8281
1997-05-01,38.3612636991177,43.429574619595,-6.0,997.512849947437,29.2418287117986,-14.413096920391316,35.8248
1997-06-01,38.1968961129502,43.4769361763146,-5.0,997.979140289538,30.6368627165797,-12.851724619338226,35.8202
1997-07-01,38.03252852674439,43.86441210622729,-5.0,996.9389010636468,32.0696782711865,-13.350097159692757,35.7474
1997-08-01,38.0761851531164,44.7850249379804,-5.0,1007.5162548974744,32.0550279867456,-15.071738095043765,36.0085
1997-09-01,38.07911627289481,45.08653880044209,-5.0,999.0636437740148,34.0799342433091,-15.618556632500027,36.4756
1997-10-01,37.9162142465975,45.5765225100248,-4.0,997.302614075962,34.849484363628704,-15.320527785178784,36.302
1997-11-01,37.7911066071151,46.1384050023582,-4.0,1002.881913034867,35.5288299227972,-15.417752842000423,37.2889
1997-12-01,37.2092250359603,46.715589472431496,-4.0,1007.605242873725,37.12599520060191,-16.04729883909261,39.4
1998-01-01,36.340799358895794,46.898251561892906,-6.0,1009.1810893565648,37.2298256925651,-15.532003127399404,39.391
1998-02-01,36.6332057043625,46.6441030611756,-6.0,1011.9232365830565,40.2614652391774,-15.925144365587396,39.0079
1998-03-01,36.92561204982911,47.1883200378098,-5.5,1011.0282369351426,41.5427800187776,-17.78272687684933,39.5686
1998-04-01,36.8034355301252,47.05470573400149,-5.0,1010.2213456661492,42.2236167568494,-19.40446700431294,39.7029
1998-05-01,36.43250929128831,47.529075027366304,-4.0,1013.4170064198622,42.5897452787894,-19.48569313837915,40.4687
1998-06-01,35.68772569383621,46.46701833277991,-4.0,1012.802374491366,44.2966733793103,-17.990007070902315,42.3668
1998-07-01,34.7771089503081,46.348317575599296,-4.0,1011.546145813889,46.111162091854,-18.184572973605235,42.6118
1998-08-01,34.695657937159496,47.9191788240481,-4.0,1011.9715317718736,42.4698650181546,-20.100662271974628,42.8429
1998-09-01,34.1996240588402,47.9468140228945,-4.0,1014.5049474692704,38.8704198864017,-18.81956447691045,42.579
1998-10-01,33.290472875220495,49.36943256945119,-4.14,1019.5390206241055,40.1751129310645,-18.86851619065507,42.3943
1998-11-01,32.875890010011695,47.47834661329709,-4.37,1028.5262841782355,45.2331158365854,-18.922290801254697,42.4284
1998-12-01,33.5799481008704,48.2487388873066,-4.5,1028.194579494829,46.2696706867539,-19.2557964995618,42.5909
1999-01-01,34.4949615240853,47.9220943120626,-4.5,1029.4549902184383,46.9506358398012,-20.77145565547469,42.5453
1999-02-01,34.993926522183,48.7852575097909,-4.5,1027.58268523204,46.2964665445864,-23.794581386881664,42.5316
1999-03-01,35.287798427558094,49.091230833146994,-3.5,1025.7547984818495,46.29784026102909,-23.140812642160988,42.5161
1999-04-01,35.711174652064,48.671072610435694,-3.5,1031.1513894463162,49.5723606605365,-23.59161576832512,42.7968
1999-05-01,35.3795083599123,48.23377464809911,-3.5,1032.78620130187,48.7608728342166,-25.904757431192063,42.859
1999-06-01,35.2965917868935,48.627502275629496,-3.5,1028.9219623314384,47.4768668276171,-28.476592312316637,43.2127
1999-07-01,35.17588082705959,48.7230620878978,-3.5,1027.476437057544,47.709104021593696,-29.010360964385686,43.3567
1999-08-01,35.1788119468382,48.7846911746154,-3.4400000000000004,1026.8040519147892,44.456130413507005,-27.990768424498008,43.5032
1999-09-01,35.2675907594139,48.4090124774262,-3.25,1023.3742542504972,42.9263908596088,-27.15507551225814,43.5981
1999-10-01,34.73083137453939,49.8634489403836,-3.25,1029.4193559003418,41.648225933452494,-28.84089252742617,43.5528
1999-11-01,34.690105867945896,50.3670238527058,-3.14,1035.7790849198514,46.0466014090709,-29.64069234562587,43.458
1999-12-01,35.27052187923059,49.75668472653069,-3.0,1045.2932240254456,45.6455081763257,-29.21900323091722,43.5239
2000-01-01,35.4814772115485,50.1402313202325,-3.0,1045.0522616722192,43.107683019302,-30.1665385770997,43.5895
2000-02-01,35.9863044492032,51.039586694244605,-2.76,1030.53404673588,39.2685354252922,-32.330789231680164,43.654
2000-03-01,36.2453130875417,49.88386760501909,-2.66,1030.981890236909,42.4415592630722,-34.897433576461346,43.6383
2000-04-01,35.9558378618535,50.263729221102096,-1.5,1037.7154453001472,46.08400225865691,-34.290018548648085,43.6847
2000-05-01,35.87438684870491,50.264109057014295,-1.29,1027.2751863096637,47.72732243941989,-35.47411721199615,44.0759
2000-06-01,36.088273300801305,50.6508976796874,-1.0,1025.521523752886,47.24118863216261,-36.378784488493096,44.7605
2000-07-01,36.008287847561,50.33857980578559,-2.0,1026.1866223509048,47.69128014275189,-36.821998247201726,44.8405
2000-08-01,36.1741209936369,50.0501067303189,-2.0,1023.5918747210436,50.154729462435,-35.572028102324346,45.7687
2000-09-01,36.470924018752,49.91049735970861,-2.0,1022.5956864466556,49.9533755092954,-38.40250070518554,45.968
2000-10-01,36.182914352972304,49.67516634305141,-2.0,1021.064649217019,50.0187225278652,-38.6118161425406,46.4252
2000-11-01,36.14218884637881,49.2495967338214,-2.0,1015.003740109496,49.58764406462019,-36.44613503604817,46.8214
2000-12-01,36.43166407206701,49.0367581490231,-2.0,1009.440314033294,49.0016588710783,-37.654569932986206,46.7845
2001-01-01,36.9786823762234,48.9767210436021,-2.4800000000000004,1018.0756665209628,49.21857944431309,-39.1782756279409,46.6138
2001-02-01,37.439852987544405,47.646025375436096,-2.5,1021.7056720892334,48.420825727374094,-34.22042072069972,46.5616
2001-03-01,37.4427841073229,47.5562286166315,-2.1900000000000004,1029.3592439505908,45.8093627171256,-36.917052563706775,46.6532
2001-04-01,37.489371853435095,47.135987327598606,-2.72,1035.7332158198622,47.3842449594892,-34.36580763526682,46.7886
2001-05-01,37.5781506660491,46.7207963992232,-3.27,1036.6828024861336,50.6363402067463,-30.70651534936555,46.9473
2001-06-01,37.2072244272122,45.9875373668944,-3.53,1043.606920653145,49.903817243579695,-33.3337278668379,47.0424
2001-07-01,36.49876965666671,45.7304398517026,-3.75,1055.9304550521508,48.5646254539343,-33.01670108924982,47.1781
2001-08-01,36.250019937572006,45.24721793288409,-3.84,1065.8538463070315,47.7816275654095,-32.226001932007534,47.1665
2001-09-01,36.670465042299504,44.6419762697884,-4.23,1123.3959282824512,43.9279833413861,-34.42180440043666,47.7511
2001-10-01,36.1685689244234,44.223911642388096,-4.48,1083.3959257774,44.349284742973296,-33.931264252133154,48.0514
2001-11-01,35.710329432880805,43.2342383182774,-4.92,1086.83811256351,45.4021414562602,-32.84445085027636,48.043
2001-12-01,35.6637416867304,43.155313390030194,-5.17,1098.2406414135685,45.6227485945414,-29.678213403151368,47.9345
2002-01-01,35.9983390986607,43.854906463974594,-5.25,1106.4422595620588,45.3631961667854,-33.48280652975421,48.3533
2002-02-01,36.3765931369628,43.57805894298821,-5.25,1106.2552721754512,43.5127812200498,-35.26206325383865,48.7168
2002-03-01,36.6326706555229,43.992418144537496,-5.25,1108.4940506750731,46.4321095720351,-34.984158404303585,48.7667
2002-04-01,36.971664747101606,43.9081585507788,-5.25,1101.1827174493926,45.6314890899176,-37.786534306878686,48.9386
2002-05-01,36.7229150280069,44.4672233250224,-5.25,1101.8014602924827,44.9442070162912,-37.55452619482627,49.0168
2002-06-01,36.4334398023188,44.777869336885495,-5.25,1105.0467066890528,42.0023705873741,-38.76624592679983,48.984
2002-07-01,36.1032390700754,44.2284988163328,-5.25,1109.7344224083538,36.5046332125562,-37.89350366982261,48.7877
2002-08-01,36.107635749724,43.821694713933496,-5.25,1096.6088876639392,37.5525838589091,-40.21397511771406,48.615
2002-09-01,36.151292376096,44.0639963384801,-5.25,1104.7995867029988,35.4835463827921,-40.13346286244684,48.4625
2002-10-01,36.1120324294108,43.3255257469771,-5.25,1111.3719399165093,34.7501814671048,-38.077605864064736,48.3882
2002-11-01,35.946199283335,44.1611204828283,-5.42,1115.948068547449,36.709270920513305,-42.367028273967314,48.2853
2002-12-01,36.19201788265121,43.1240737232895,-5.5,1125.3308122683386,35.3980375820408,-45.7296118420412,48.1495
2003-01-01,36.61246298741701,43.620191740495,-4.0,1131.1609913437942,35.1860200023826,-43.43729744446462,47.9571
2003-02-01,37.1202213448501,43.0956578660998,-4.0,1140.4282837429669,32.3962753945688,-42.07270135397865,47.7474
2003-03-01,37.3355733568548,43.22200885064591,-4.0,1142.423513331198,32.741814728085195,-45.10300237682323,47.6767
2003-04-01,36.669309652772895,42.569759498373806,-4.0,1149.5705757175622,35.5447017880268,-43.24932364779035,47.3909
2003-05-01,36.45981988032509,41.816961279038,-3.75,1166.189191397005,38.288681435878,-43.29288196317396,47.11
2003-06-01,36.2954522941576,41.7691505422833,-4.0,1175.577625317333,39.9123735984094,-41.39115429665348,46.6995
2003-07-01,36.0481681349331,41.6085118167664,-4.0,1180.264035468924,38.7452717801652,-43.4616407731626,46.22
2003-08-01,36.509338746254,41.1426680382046,-4.0,1187.8035565278417,37.73823205105551,-41.59552051460155,45.9557
2003-09-01,36.76248514503549,41.46251305375829,-4.0,1188.1510227920287,38.0286096715264,-43.811708961768645,45.8467
2003-10-01,36.34643671995661,41.7668416402073,-4.0,1182.1200865521046,37.925510410377896,-43.66659120939983,45.4036
2003-11-01,36.0525648146199,41.173875661806896,-4.0,1184.453501020866,38.037401157137694,-41.70171641274733,45.5544
2003-12-01,36.13401582776851,41.4930470187101,-4.0,1189.6240969703513,38.6560909586984,-46.13823966642002,45.5741
2004-01-01,36.347902279865,40.8986260119677,-4.0,1187.799640415605,39.7327880977054,-46.34126748290544,45.456
2004-02-01,36.7698129445009,42.2332178146168,-4.0,1199.9832796668254,41.1277618026844,-46.90380256254799,45.2726
2004-03-01,37.27610574206391,41.25830694673021,-4.0,1203.803610680921,41.0266004719455,-49.79028098321261,44.9693
2004-04-01,37.5292521408455,39.1452723813705,-4.0,1203.61635206952,40.5789741484225,-50.28705564023784,43.8918
2004-05-01,37.6616875797931,40.1590784022357,-4.0,1207.428426104432,40.6987638410651,-50.51226215453863,45.1755
2004-06-01,37.5831676864229,39.346050595462906,-3.75,1217.378851734578,43.6981961467323,-55.3099048222498,45.5027
2004-07-01,37.042011621823406,38.3016228416094,-3.75,1215.443506550748,42.2120634206353,-53.40029898906327,46.0557
2004-08-01,36.66961982311649,38.04237097369551,-3.5,1225.111044955937,40.6950637316603,-53.98381977836236,46.322
2004-09-01,36.7554675159137,37.2142269753156,-3.25,1235.3295400630195,41.5215458366044,-52.78418193544939,46.0548
2004-10-01,36.928628461454906,37.908503823412,-3.25,1226.6070204923944,41.0829509031388,-56.40608143764111,45.7355
2004-11-01,37.05373610093731,38.22257923610499,-3.0,1237.5158645385384,43.1715209572335,-60.29271480493328,45.0325
2004-12-01,37.090064927844,38.51610428851281,-2.75,1235.485970080076,43.4774590015206,-55.74739383701475,43.847
2005-01-01,36.8442463285277,38.924466429298896,-2.75,1223.5160591360789,43.08886794597059,-57.29007628273824,43.615
2005-02-01,37.391264632646006,38.93164039886069,-2.5,1226.7743632950762,43.73956112142709,-59.19821060485096,43.5758
2005-03-01,38.0241306295997,37.850468645458896,-2.25,1227.1648321704654,43.7033798593261,-55.00324724357086,43.5861
2005-04-01,38.24094820151289,40.5172055261648,-2.25,1208.4334706269274,42.956235307793605,-57.98867503686688,43.6419
2005-05-01,38.3223992146616,40.2579200537569,-2.0,1214.1219905343848,42.782804609525,-56.319064582898015,43.4095
2005-06-01,38.198757135049306,39.67396728557849,-1.75,1225.3997185511987,42.4527968260646,-59.02569127976278,43.5245
2005-07-01,37.832227575861104,40.41540415709871,-1.75,1211.504913923907,42.2763623213945,-58.93346384700874,43.434
2005-08-01,38.088305094421095,39.328628813588296,-1.5,1217.9980526554916,41.83497921133549,-58.85272629627699,43.55
2005-09-01,38.93505754347141,37.7191382465285,-1.25,1215.5091883425207,40.82718464047999,-65.92039204556816,43.8462
2005-10-01,38.6063223710981,37.6123564697004,-1.25,1216.3460385812089,38.951134566192295,-69.57080935535271,44.7575
2005-11-01,37.5166824425101,39.5351695761012,-1.0,1216.5939199155864,40.076915726987394,-64.90030278980743,45.6315
2005-12-01,37.4279036299344,37.94359562772421,-0.75,1210.489226311768,39.46553939307519,-65.94669229907778,45.5633
2006-01-01,38.143686199907,37.0756569301585,-0.5,1208.428124663071,40.015066627937806,-68.35867381594582,44.201
2006-02-01,38.31245046576141,36.7816546807859,-0.5,1204.120217591688,38.4933962656288,-63.134267241460265,44.23
2006-03-01,38.7765521968608,35.90283851694559,-0.25,1204.314324079866,36.8809270181687,-63.38816084441854,44.3378
2006-04-01,39.111269246091496,36.8547430407405,-0.25,1197.2191033036438,35.39837101037351,-64.15133422877881,44.8245
2006-05-01,39.150648830077,36.1295279729746,0.0,1208.6559505538787,35.750873869927894,-66.57577624114326,45.1959
2006-06-01,38.5543509346308,36.321450777639406,0.25,1200.1103327003284,38.5550897908159,-64.99677852547569,45.8886
2006-07-01,38.4249662527619,34.10810892243791,0.25,1195.3688769103771,37.3705725994741,-67.89350202510603,46.3675
2006-08-01,38.593730518616304,35.68049697035251,0.25,1191.4626722934106,36.3621723372561,-69.05385694075004,46.4461
2006-09-01,37.78928877333011,33.83509471880221,0.25,1179.616238194528,34.5439546623266,-64.40997725772338,46.0105
2006-10-01,36.5601248809301,34.867156130692194,0.25,1179.675452252543,34.880674237516295,-58.189412325454086,45.3552
2006-11-01,36.43355168153929,29.2150498705805,0.25,1176.3887332691638,33.9453564885187,-58.55074158945872,44.7257
2006-12-01,36.5601248809301,31.378617079315404,0.25,1168.9503716470956,35.3286796115698,-62.91689662517092,44.4835
2007-01-01,36.8200218503457,30.071860846267995,0.25,1171.2666286153517,34.367925599384,-61.48866238506184,44.2062
2007-02-01,36.8944200194961,30.6005436702614,0.25,1152.85158808905,35.8370414183068,-60.39438833290956,44.0195
2007-03-01,38.0587515617167,29.32790933363989,0.25,1155.1426615696823,38.3765939815172,-62.66927588652586,43.7936
2007-04-01,38.2390493076906,29.172439811867307,0.25,1161.817406476654,40.2828555834323,-60.52646930143872,42.0176
2007-05-01,38.3893913964754,27.140272339444707,0.25,1155.6136798093532,40.3641819391853,-60.0730840489273,40.5686
2007-06-01,38.1768903136734,26.671425819156298,0.25,1136.210243962918,40.2951566350018,-59.697883002439966,40.5905
2007-07-01,37.38946688714709,26.4341859131697,0.25,1133.7553267424532,37.78389913764819,-59.83241229592119,40.2738
2007-08-01,36.8457659326059,26.4889750822973,-0.25,1143.0528773829458,34.3583527321373,-58.80696040761464,40.6791
2007-09-01,37.0875207434422,27.704887497040687,-0.75,1130.8586699131256,32.8353214863923,-61.956373058420105,40.1735
2007-10-01,36.89316181921949,25.2082455066206,-1.0,1131.2647380797796,27.710004559791813,-61.290732081902696,39.3661
2007-11-01,37.4167529540326,25.2120393771458,-1.0,1110.1976992929765,20.689036793758504,-61.03532970173245,39.3267
2007-12-01,37.357263550319,24.030663263315503,-1.25,1109.4791339155886,19.5173085691369,-61.828041244213225,39.375
2008-01-01,37.79773828419879,23.06309896963521,-2.5,1107.1061421657118,15.278709456977497,-63.43595798546169,39.2676
2008-02-01,37.6738384409703,22.678272548336395,-2.5,1110.9298823766017,19.847985523710197,-63.9095656678666,39.6735
2008-03-01,37.68298234927649,21.407068085683605,-3.5,1113.548889437537,24.445286302402,-59.84390547125,40.1452
2008-04-01,37.8468255793297,20.9833409328115,-3.75,1119.9178694419545,26.4211253538637,-61.6718663912843,39.9668
2008-05-01,38.2275308910057,20.121046244163693,-3.75,1130.612563228885,26.180769485622,-64.35557079817713,42.0019
2008-06-01,38.766030791255496,18.8003946812737,-3.75,1144.9774044156693,29.442452341868908,-61.568000232673896,42.7633
2008-07-01,38.1032129029712,20.42226085207659,-3.75,1159.274678196142,28.8127430913761,-65.04528634446051,42.7027
2008-08-01,36.96771317812031,17.887443665975212,-3.75,1143.4687622427557,24.50277601633569,-54.4895522249727,42.9057
2008-09-01,36.4573431660853,11.672651158334304,-3.75,1210.7773510703537,22.921677907659102,-53.4381714135935,45.53
2008-10-01,34.75985843593939,15.036387961600695,-4.75,1239.0648211227262,18.5697918312818,-59.3131101373317,48.6155
2008-11-01,33.009772999029906,14.493378078593196,-4.75,1282.1947486449458,17.2848113554006,-39.2480959510724,48.8517
2008-12-01,32.4653663494752,13.962815679398403,-5.5,1365.778522152913,17.007841506245,-44.47447735947754,48.5132
2009-01-01,32.46888352696669,13.212749734298896,-5.5,1343.482491801008,17.2721709700975,-41.4928796065834,48.6995
2009-02-01,32.9118897248344,11.766631986049305,-5.5,1326.1354612270532,13.860292524506,-32.29620567192252,49.2484
2009-03-01,33.1295956277865,10.922606647699196,-5.5,1342.995089227266,11.7866353095747,-32.481389733078295,51.1291
2009-04-01,32.588568029407504,7.900112145518008,-5.5,1364.9138863733697,10.212300878881903,-33.81359566468493,49.9655
2009-05-01,32.465933918172894,6.055843459679608,-5.5,1359.3455411134385,7.119957807804305,-28.949822212604342,48.51
2009-06-01,32.4759216478084,5.2141622410129,-5.5,1396.6531730987465,2.0243370132711007,-26.545820960327568,47.6736
2009-07-01,29.6539106359508,5.3146738650278,-5.5,1398.2410436657983,2.8434867555400984,-35.77532043561038,48.3624
2009-08-01,29.09263132566929,2.1452271676463965,-5.5,1390.6115895377195,5.2536121876075015,-32.255855193382146,48.2426
2009-09-01,28.767058184744805,3.815104698557107,-5.5,1392.5893493089225,4.125014276739996,-37.83371557485737,48.2924
2009-10-01,28.089753441688494,5.989209704517492,-5.5,1394.304842326534,3.843897930434501,-34.905037646948855,46.6524
2009-11-01,27.0067125314268,3.946064444902405,-5.5,1397.7801171578535,5.5215067572110925,-37.902075346056606,46.5305
2009-12-01,26.46343348755029,4.038948014996691,-5.5,1403.381783877343,4.607163190448006,-37.4721303987485,46.5273
2010-01-01,25.627210316100687,3.449035083799004,-5.5,1372.840130341924,4.937152487215506,-39.143940236788325,45.8944
2010-02-01,26.415055653291603,2.8630978984851083,-5.25,1397.7855291907736,5.929620251372903,-38.350508448688,46.2732
2010-03-01,26.7905561448175,3.630509689379807,-5.25,1396.537755745611,5.704001240664404,-37.7481133528788,45.4509
2010-04-01,26.950038376049903,2.5585649835557973,-5.25,1377.0836134346505,6.572189730075209,-39.081427849558295,44.444
2010-05-01,26.25627911707269,6.20060566726481,-5.25,1391.788780737416,3.9838559589803,-41.84089482031629,45.769
2010-06-01,25.4013499842047,6.55081663722531,-5.25,1411.887117423867,0.1477501938121008,-49.47382218147696,46.4983
2010-07-01,23.89063355217671,3.708372303770801,-5.25,1397.885752810828,-1.5785603152416954,-40.5895437322314,46.7617
2010-08-01,24.017628662232116,4.665930755754999,-5.25,1420.4404961506957,-1.611042232388101,-48.01506764678905,46.4605
2010-09-01,23.688680235990603,4.1342669332028095,-5.25,1432.7666521167944,-3.73171605140881,-45.6175727337082,45.8729
2010-10-01,23.038377775471005,1.4905805724831964,-5.25,1422.4756323201382,-3.944748393696401,-40.93874750761631,44.354
2010-11-01,22.694662475967093,3.2483575356856,-5.25,1471.2918496825305,-2.280316628535502,-44.1005594353553,44.9315
2010-12-01,21.7057076439194,2.508655712386087,-5.25,1480.7121937167208,0.6060857927068923,-46.20128026188961,45.1
2011-01-01,20.99858913584829,1.213677691048801,-5.25,1498.21578550787,5.385176696843089,-51.224695350290496,45.375
2011-02-01,22.6043773595938,0.6399501203903952,-5.25,1519.7328364436914,12.451189493635596,-46.871090729719405,45.3795
2011-03-01,23.514860573878,-0.6234912609624956,-5.25,1543.4849230369882,10.034199014652202,-51.27285753178764,44.9143
2011-04-01,23.73945893963869,0.8420971612591899,-5.25,1538.9651481250808,8.209226010153003,-44.216705619711,44.301
2011-05-01,23.803309342173108,3.3335556107377045,-5.25,1588.3675921021304,11.8079657840631,-45.1870491210384,44.9024
2011-06-01,22.936144800030604,0.3565608696538049,-5.25,1609.1734090653324,9.3103210094081,-49.71480006438341,44.8109
2011-07-01,21.4904026103566,2.463103672074695,-5.25,1636.9918481802438,9.623972084678996,-47.1228995566849,44.396
2011-08-01,21.3707218737745,4.534404442430699,-5.25,1761.4812177381225,7.077435994789802,-45.6494839405661,45.3135
2011-09-01,20.3682659004582,4.068654711741402,-5.25,1784.5824200354766,5.534544473158604,-43.928680659519,47.6905
2011-10-01,19.7882806287583,9.05578944264741,-5.25,1800.3625423450144,6.5532201576208,-43.8899509125498,49.202
2011-11-01,19.32516461116261,0.6218159037624957,-5.25,1860.336974932443,7.464017428279405,-45.2671370719436,50.6785
2011-12-01,19.854800621596297,2.278153402051302,-5.25,1839.77387663382,10.887928500817004,-48.877069927455096,52.3824
2012-01-01,19.8912268309294,3.833937760375989,-5.25,1866.7221695419075,12.315776759798103,-48.59460942204221,51.0015
2012-02-01,19.929762593585902,4.006599009820604,-8.75,1865.3495357212696,10.3367167275499,-43.2077728847118,49.1812
2012-03-01,19.8941839714406,4.329269974367591,-8.75,1896.7086713549136,12.907485788723696,-48.9863796502284,50.3635
2012-04-01,18.656443739432007,6.696383379372207,-8.25,1911.984475592803,12.083717751280204,-50.0887402312309,51.69
2012-05-01,18.15999677933,4.7388832771707,-8.25,1942.544556012264,12.090686926096607,-48.0134637339973,54.3314
2012-06-01,17.252750724047203,5.892490622113797,-8.25,1960.6293110735987,9.5813229418141,-46.21389401981391,55.9424
2012-07-01,15.5648318128722,6.717158278862797,-8.25,1997.481716250168,9.889660017298404,-42.6004002242319,55.4248
2012-08-01,15.337705748982302,6.110432764356105,-8.25,2030.638265666911,10.71938513955,-47.35563954995929,55.4935
2012-09-01,15.388898831577706,7.355322150523904,-8.25,2056.5772621169663,11.030903957183613,-37.8928000904229,54.35
2012-10-01,14.585864710459802,5.312643642141808,-8.25,2084.9187346698104,9.162421833328295,-40.8225016163655,53.0995
2012-11-01,13.740919541368598,6.878742528285599,-8.25,2105.997203496363,7.861828268938396,-46.8145106051426,54.7845
2012-12-01,13.0968038486441,6.809467987508498,-8.25,2126.427643689147,7.625560643828194,-37.5094587934188,54.647
2013-01-01,12.618219028631202,6.842645109703099,-8.25,2135.662702680298,9.277791105680905,-42.034990540885104,54.229
2013-02-01,12.6488803808339,7.503168507401497,-8.0,2131.132853450138,12.1962419603245,-44.1031245293234,53.8079
2013-03-01,12.522449073617594,6.1513248788834005,-7.75,2141.223671471634,14.821952253450306,-42.9120690238333,54.4229
2013-04-01,11.65528453147509,5.387350167784206,-7.75,2169.936844001583,16.282638526946897,-39.1959972059462,54.3236
2013-05-01,11.064893385333704,5.9345159930715,-7.5,2187.1221569233203,15.524771824383706,-44.3001375837892,54.9845
2013-06-01,10.153148204914205,8.257727643602607,-7.5,2198.0331298704155,16.278295662709198,-42.69595000003101,58.3835
2013-07-01,8.661839663459489,5.320180096947297,-9.5,2220.288164870897,16.453116849943598,-45.8401233441172,59.7609
2013-08-01,8.015334398921595,4.498652021181101,-9.5,2247.241106603357,20.656272358683296,-47.29990195183031,62.8109
2013-09-01,7.747563019052208,4.565571625524399,-8.75,2276.666457702156,18.4321934931546,-52.9310668735666,63.648
2013-10-01,6.345557646325901,5.8516334408150925,-8.0,2302.698779815797,17.404974768771908,-48.67007704262496,61.6059
2013-11-01,5.379244097994004,5.659583105639996,-8.0,2314.760100160338,19.25802099109309,-44.24319776059902,62.5179
2013-12-01,6.900930207302494,5.632494095452387,-8.0,2339.9006986438358,18.414700160615112,-45.1552561963349,61.811
2014-01-01,8.031788914842409,4.111079231847597,-8.25,2369.600264844884,19.426096266604706,-50.61179072916698,62.1057
2014-02-01,8.01421055910211,4.768490394775995,-8.25,2403.334422024648,20.26600554173561,-50.4535798359578,62.1642
2014-03-01,8.269608403381199,5.892095833920294,-8.25,2424.476060470575,17.782750151578597,-48.9286503717565,60.9476
2014-04-01,7.450683569181692,4.463363924478799,-8.25,2433.504945309092,15.921888551316911,-55.07730699881722,60.3464
2014-05-01,7.0349634381991,4.970429811605101,-8.25,2435.6505390832904,13.14724148631251,-51.74255868017461,59.2843
2014-06-01,6.456807701332494,4.250513565191099,-8.25,2473.5878720906057,9.9201727392458,-48.4023677996451,59.7367
2014-07-01,4.122383525619696,4.072512957622692,-8.25,2486.4552773919254,8.805723708349703,-47.474080776345104,60.0956
2014-08-01,3.5719320004444057,4.525799690705711,-8.25,2452.936345389588,6.1676482734528975,-48.1024958676355,60.8738
2014-09-01,3.6474540094144032,4.098359448975799,-8.25,2509.663924442576,4.019659116862002,-45.393657862792,60.8976
2014-10-01,3.395151431961409,8.342548067612597,-8.25,2512.5289094909417,0.7507352072204014,-49.543320097501,61.3668
2014-11-01,2.854261959898708,2.2338211778150026,-8.25,2530.3113958529607,-0.517323038735995,-44.7635934339031,61.6828
2014-12-01,2.2893235799513008,4.960672152733395,-8.25,2586.889824733426,0.3539692825830087,-54.93361990404166,62.7071
2015-01-01,1.4405812148783923,4.745123564681293,-8.0,2582.673900260061,-3.2546924344350003,-54.1865061699011,62.13
2015-02-01,2.251351620134102,3.28562056655781,-8.0,2646.934917819345,-3.0169966094150027,-48.96166638291541,61.9905
2015-03-01,2.4582297379800906,3.722029306305288,-7.75,2641.240742637109,-2.2273038663319937,-58.0737672512395,62.4805
2015-04-01,1.895684695704702,3.2910054982241945,-7.75,2635.5416092011164,0.8822370232229986,-50.2956740996295,62.6414
2015-05-01,1.6394467959548962,1.9417103176471076,-7.75,2619.0584709441023,4.224626579109,-50.2737041622259,63.715
2015-06-01,0.8433051376459986,1.3063135525146947,-7.5,2655.2707029650555,3.9638668827182073,-51.7317127906979,63.7809
2015-07-01,0.0849935469789926,1.1493586143329964,-7.5,2666.8549376379187,-0.7139271636449962,-49.18405574963951,63.6045
2015-08-01,-0.4401433383180091,-0.529717149866002,-7.5,2663.5700539941627,-1.469340140707999,-51.67184051540531,65.0971
2015-09-01,-1.3617343561990085,-0.1953870527599974,-7.5,2682.329539460389,-0.8081010260667938,-50.9370377848034,66.1667
2015-10-01,-2.5544720392649936,-3.4922663727290058,-7.0,2649.3735032379877,-1.952611083906902,-52.50206123429503,65.0262
2015-11-01,-3.148802273563007,-2.240190835688012,-7.0,2711.431024577393,2.6377670498858947,-51.25603466295658,66.1
2015-12-01,-3.1084407419319007,-3.295693629891005,-6.75,2725.284529625953,1.7344747895699015,-50.7206242395166,66.5023
2016-01-01,-2.9434736720591985,-3.047188841796,-6.75,2732.567372107085,-1.3201769332499964,-53.223902758236406,67.3332
2016-02-01,-2.0961389311550107,-3.331867140722011,-6.75,2763.416280369103,1.6511621051149064,-55.83323114890321,68.2395
2016-03-01,-2.0478992232119992,-4.87411645505,-6.75,2775.499975231789,3.357102100320404,-51.94339442226448,66.8909
2016-04-01,-2.719155324789,-5.637371333457011,-6.0,2804.3553119397966,3.709453574147503,-52.01132086207878,66.4219
2016-05-01,-3.840870124022999,-7.355457422024003,-6.0,2844.5021459365557,2.9162856898436047,-53.93321415823242,66.8895
2016-06-01,-4.273044770926006,-8.577294428591998,-6.0,2851.3425944757164,-0.1389663144578037,-57.139787152355154,67.2655
2016-07-01,-5.585183172084996,-6.247495943762004,-6.0,2844.267393397835,-1.2087937870448968,-54.806747316728895,67.158
2016-08-01,-4.726878753899001,-6.031390713834,-6.0,2910.4820092993505,-1.3510886541459968,-53.202969677977165,66.9035
2016-09-01,-4.100061398424998,-7.053001725779012,-6.0,2897.925817008348,-3.937745085616996,-49.72493288745794,66.7138
2016-10-01,-4.355597369020003,-9.831011073213006,-5.75,2912.2984726481727,-3.3351091087588003,-50.9262632302585,66.7415
2016-11-01,-4.131704698272998,-7.979002348915998,-5.75,3042.827667516519,2.1726463545375907,-53.3861527732669,67.6395
2016-12-01,-3.333311594465997,-6.110130317528004,-5.5,3049.2486550134727,7.440473525762499,-53.259675410215394,67.8052
2017-01-01,-2.357152208673,-7.19029904064999,-5.5,3085.8049814456804,5.6332262092591066,-55.4949121031304,68.0474
2017-02-01,-2.034812460891004,-8.885532656726,-5.5,3075.497942391575,2.872100549230993,-50.6761205300148,66.9726
2017-03-01,-2.333805229942996,-8.508155313404004,-5.25,3056.614851622845,0.8581383045279978,-53.0587883202726,65.8009
2017-04-01,-2.7938259807129957,-7.693072271835007,-5.0,3051.957663093148,-1.2716757163509982,-52.4220421183372,64.536
2017-05-01,-3.088177732454,-8.070466510700996,-5.0,3108.794460383357,-2.729359454876004,-51.597945479071896,64.4195
2017-06-01,-3.759575726205,-6.674222662442006,-4.75,3103.557233500073,-3.918522063151002,-52.4239304854232,64.4482
2017-07-01,-5.743534031780001,-6.094047548744001,-4.75,3119.828965224845,-5.347501930584997,-52.8348739999353,64.424
2017-08-01,-5.434273514601998,-10.090226867604002,-4.5,3149.8601687722216,-5.107711439724,-52.2895242229056,63.9683
2017-09-01,-4.885789650574992,-10.635853738262,-4.5,3119.3175938487443,-3.697737471983999,-53.68444564893319,64.4775
2017-10-01,-5.716669875559006,-9.257712746167996,-4.5,3162.719588703366,-2.6071471513840123,-51.8989092061921,65.0357
2017-11-01,-6.096669492221992,-13.740115698257,-4.5,3194.1161967400035,-6.1234628811370015,-57.82404114422769,64.8435
2017-12-01,-5.392784377294007,-11.736309136516994,-4.25,3166.2040117368942,-3.223976252861988,-57.96505556191659,64.2445
2018-01-01,-5.591220515987999,-12.236882186030002,-4.25,3204.307484873372,-3.82517562230602,-57.4858793133983,63.6452
2018-02-01,-4.734461848286998,-12.998475775763993,-4.25,3173.9193223888174,-5.845618717376013,-58.9946752340696,64.43
2018-03-01,-4.496926144097003,-11.320562666596004,-4.0,3180.4223267366538,-3.730168698814012,-53.6293078169559,65.0455
2018-04-01,-4.46092184542799,-8.862014826538001,-4.0,3176.1476613470245,-7.414254920982003,-54.50533678755261,65.6729
2018-05-01,-4.403822013529009,-9.724795665131992,-4.0,3180.008598802678,-9.938573495416987,-51.829905848323605,67.51
2018-06-01,-4.999697998309998,-11.587455588341996,-4.0,3177.423739692909,-10.819437312579993,-51.637422644683205,67.79
2018-07-01,-8.817836323514001,-9.47170256586,-4.0,3204.021346683907,-13.549710523790992,-56.267919700295394,68.6867
2018-08-01,-8.758768830464987,-10.94129189332601,-4.25,3217.072686266498,-17.850266774872992,-57.9112329640949,69.6317
2018-09-01,-8.635149005726987,-11.682864572143004,-4.0,3240.038646386164,-14.449065073495008,-59.89079766071681,72.2779
2018-10-01,-8.829507929949003,-15.253146413738008,-4.0,3276.048827081871,-9.121615990875997,-58.04903591670241,73.5609
2018-11-01,-9.186866262896004,-11.244840590652998,-4.0,3248.677862057434,-13.438810558551012,-56.9734491326934,71.738
2018-12-01,-9.14397326727699,-12.169936690865995,-3.75,3304.6037718593525,-22.28924981301,-65.3276952757459,70.8331
